"@timestamp",message,"kubernetes.pod.name"
"Feb 7, 2024 @ 10:35:47.938","2024-02-07 09:35:47 INFO  Lag:82 - total lag 0",controllerandscaler
"Feb 7, 2024 @ 10:35:46.929","2024-02-07 09:35:46 INFO  Lag:82 - total lag 0",controllerandscaler
"Feb 7, 2024 @ 10:35:45.910","2024-02-07 09:35:45 INFO  Lag:82 - total lag 0",controllerandscaler
"Feb 7, 2024 @ 10:35:44.898","2024-02-07 09:35:44 INFO  Lag:82 - total lag 0",controllerandscaler
"Feb 7, 2024 @ 10:35:43.888","2024-02-07 09:35:43 INFO  Lag:82 - total lag 0",controllerandscaler
"Feb 7, 2024 @ 10:35:42.875","2024-02-07 09:35:42 INFO  Lag:82 - total lag 0",controllerandscaler
"Feb 7, 2024 @ 10:35:41.848","2024-02-07 09:35:41 INFO  Lag:82 - total lag 0",controllerandscaler
"Feb 7, 2024 @ 10:35:40.834","2024-02-07 09:35:40 INFO  Lag:82 - total lag 0",controllerandscaler
"Feb 7, 2024 @ 10:35:39.821","2024-02-07 09:35:39 INFO  Lag:82 - total lag 0",controllerandscaler
"Feb 7, 2024 @ 10:35:38.807","2024-02-07 09:35:38 INFO  Lag:82 - total lag 0",controllerandscaler
"Feb 7, 2024 @ 10:35:37.792","2024-02-07 09:35:37 INFO  Lag:82 - total lag 0",controllerandscaler
"Feb 7, 2024 @ 10:35:36.779","2024-02-07 09:35:36 INFO  Lag:82 - total lag 0",controllerandscaler
"Feb 7, 2024 @ 10:35:35.764","2024-02-07 09:35:35 INFO  Lag:82 - total lag 0",controllerandscaler
"Feb 7, 2024 @ 10:35:34.753","2024-02-07 09:35:34 INFO  Lag:82 - total lag 0",controllerandscaler
"Feb 7, 2024 @ 10:35:33.742","2024-02-07 09:35:33 INFO  Lag:82 - total lag 0",controllerandscaler
"Feb 7, 2024 @ 10:35:32.728","2024-02-07 09:35:32 INFO  Lag:82 - total lag 0",controllerandscaler
"Feb 7, 2024 @ 10:35:31.715","2024-02-07 09:35:31 INFO  Lag:82 - total lag 0",controllerandscaler
"Feb 7, 2024 @ 10:35:30.701","2024-02-07 09:35:30 INFO  Lag:82 - total lag 0",controllerandscaler
"Feb 7, 2024 @ 10:35:29.687","2024-02-07 09:35:29 INFO  Lag:82 - total lag 0",controllerandscaler
"Feb 7, 2024 @ 10:35:28.675","2024-02-07 09:35:28 INFO  Lag:82 - total lag 0",controllerandscaler
"Feb 7, 2024 @ 10:35:27.619","2024-02-07 09:35:27 INFO  Lag:82 - total lag 0",controllerandscaler
"Feb 7, 2024 @ 10:35:26.608","2024-02-07 09:35:26 INFO  Lag:82 - total lag 0",controllerandscaler
"Feb 7, 2024 @ 10:35:25.594","2024-02-07 09:35:25 INFO  Lag:82 - total lag 0",controllerandscaler
"Feb 7, 2024 @ 10:35:24.583","2024-02-07 09:35:24 INFO  Lag:82 - total lag 0",controllerandscaler
"Feb 7, 2024 @ 10:35:23.570","2024-02-07 09:35:23 INFO  Lag:82 - total lag 0",controllerandscaler
"Feb 7, 2024 @ 10:35:22.565","2024-02-07 09:35:22 INFO  Lag:82 - total lag 0",controllerandscaler
"Feb 7, 2024 @ 10:35:21.547","2024-02-07 09:35:21 INFO  Lag:82 - total lag 0",controllerandscaler
"Feb 7, 2024 @ 10:35:20.533","2024-02-07 09:35:20 INFO  Lag:82 - total lag 0",controllerandscaler
"Feb 7, 2024 @ 10:35:19.521","2024-02-07 09:35:19 INFO  Lag:82 - total lag 0",controllerandscaler
"Feb 7, 2024 @ 10:35:18.507","2024-02-07 09:35:18 INFO  Lag:82 - total lag 0",controllerandscaler
"Feb 7, 2024 @ 10:35:17.483","2024-02-07 09:35:17 INFO  Lag:82 - total lag 0",controllerandscaler
"Feb 7, 2024 @ 10:35:16.470","2024-02-07 09:35:16 INFO  Lag:82 - total lag 0",controllerandscaler
"Feb 7, 2024 @ 10:35:15.457","2024-02-07 09:35:15 INFO  Lag:82 - total lag 0",controllerandscaler
"Feb 7, 2024 @ 10:35:14.443","2024-02-07 09:35:14 INFO  Lag:82 - total lag 0",controllerandscaler
"Feb 7, 2024 @ 10:35:13.430","2024-02-07 09:35:13 INFO  Lag:82 - total lag 0",controllerandscaler
"Feb 7, 2024 @ 10:35:12.418","2024-02-07 09:35:12 INFO  Lag:82 - total lag 0",controllerandscaler
"Feb 7, 2024 @ 10:35:11.405","2024-02-07 09:35:11 INFO  Lag:82 - total lag 0",controllerandscaler
"Feb 7, 2024 @ 10:35:10.390","2024-02-07 09:35:10 INFO  Lag:82 - total lag 0",controllerandscaler
"Feb 7, 2024 @ 10:35:09.370","2024-02-07 09:35:09 INFO  Lag:82 - total lag 0",controllerandscaler
"Feb 7, 2024 @ 10:35:08.351","2024-02-07 09:35:08 INFO  Lag:82 - total lag 0",controllerandscaler
"Feb 7, 2024 @ 10:35:07.340","2024-02-07 09:35:07 INFO  Lag:82 - total lag 0",controllerandscaler
"Feb 7, 2024 @ 10:35:06.326","2024-02-07 09:35:06 INFO  Lag:82 - total lag 0",controllerandscaler
"Feb 7, 2024 @ 10:35:05.313","2024-02-07 09:35:05 INFO  Lag:82 - total lag 0",controllerandscaler
"Feb 7, 2024 @ 10:35:04.298","2024-02-07 09:35:04 INFO  Lag:82 - total lag 0",controllerandscaler
"Feb 7, 2024 @ 10:35:03.289","2024-02-07 09:35:03 INFO  Lag:82 - total lag 0",controllerandscaler
"Feb 7, 2024 @ 10:35:02.277","2024-02-07 09:35:02 INFO  Lag:82 - total lag 0",controllerandscaler
"Feb 7, 2024 @ 10:35:01.266","2024-02-07 09:35:01 INFO  Lag:82 - total lag 0",controllerandscaler
"Feb 7, 2024 @ 10:35:00.251","2024-02-07 09:35:00 INFO  Lag:82 - total lag 0",controllerandscaler
"Feb 7, 2024 @ 10:34:59.237","2024-02-07 09:34:59 INFO  Lag:82 - total lag 0",controllerandscaler
"Feb 7, 2024 @ 10:34:58.223","2024-02-07 09:34:58 INFO  Lag:82 - total lag 0",controllerandscaler
"Feb 7, 2024 @ 10:34:57.211","2024-02-07 09:34:57 INFO  Lag:82 - total lag 0",controllerandscaler
"Feb 7, 2024 @ 10:34:56.200","2024-02-07 09:34:56 INFO  Lag:82 - total lag 0",controllerandscaler
"Feb 7, 2024 @ 10:34:55.188","2024-02-07 09:34:55 INFO  Lag:82 - total lag 0",controllerandscaler
"Feb 7, 2024 @ 10:34:54.175","2024-02-07 09:34:54 INFO  Lag:82 - total lag 0",controllerandscaler
"Feb 7, 2024 @ 10:34:53.164","2024-02-07 09:34:53 INFO  Lag:82 - total lag 0",controllerandscaler
"Feb 7, 2024 @ 10:34:52.150","2024-02-07 09:34:52 INFO  Lag:82 - total lag 0",controllerandscaler
"Feb 7, 2024 @ 10:34:51.137","2024-02-07 09:34:51 INFO  Lag:82 - total lag 0",controllerandscaler
"Feb 7, 2024 @ 10:34:50.123","2024-02-07 09:34:50 INFO  Lag:82 - total lag 0",controllerandscaler
"Feb 7, 2024 @ 10:34:49.110","2024-02-07 09:34:49 INFO  Lag:82 - total lag 0",controllerandscaler
"Feb 7, 2024 @ 10:34:48.096","2024-02-07 09:34:48 INFO  Lag:82 - total lag 0",controllerandscaler
"Feb 7, 2024 @ 10:34:47.082","2024-02-07 09:34:47 INFO  Lag:82 - total lag 0",controllerandscaler
"Feb 7, 2024 @ 10:34:46.070","2024-02-07 09:34:46 INFO  Lag:82 - total lag 0",controllerandscaler
"Feb 7, 2024 @ 10:34:45.056","2024-02-07 09:34:45 INFO  Lag:82 - total lag 0",controllerandscaler
"Feb 7, 2024 @ 10:34:44.045","2024-02-07 09:34:44 INFO  Lag:82 - total lag 0",controllerandscaler
"Feb 7, 2024 @ 10:34:43.047","2024-02-07 09:34:43 INFO  Lag:82 - total lag 0",controllerandscaler
"Feb 7, 2024 @ 10:34:42.017","2024-02-07 09:34:42 INFO  Lag:82 - total lag 0",controllerandscaler
"Feb 7, 2024 @ 10:34:41.005","2024-02-07 09:34:41 INFO  Lag:82 - total lag 0",controllerandscaler
"Feb 7, 2024 @ 10:34:39.992","2024-02-07 09:34:39 INFO  Lag:82 - total lag 0",controllerandscaler
"Feb 7, 2024 @ 10:34:38.980","2024-02-07 09:34:38 INFO  Lag:82 - total lag 0",controllerandscaler
"Feb 7, 2024 @ 10:34:37.970","2024-02-07 09:34:37 INFO  Lag:82 - total lag 0",controllerandscaler
"Feb 7, 2024 @ 10:34:36.957","2024-02-07 09:34:36 INFO  Lag:82 - total lag 0",controllerandscaler
"Feb 7, 2024 @ 10:34:35.944","2024-02-07 09:34:35 INFO  Lag:82 - total lag 0",controllerandscaler
"Feb 7, 2024 @ 10:34:34.935","2024-02-07 09:34:34 INFO  Lag:82 - total lag 0",controllerandscaler
"Feb 7, 2024 @ 10:34:33.924","2024-02-07 09:34:33 INFO  Lag:82 - total lag 0",controllerandscaler
"Feb 7, 2024 @ 10:34:32.910","2024-02-07 09:34:32 INFO  Lag:82 - total lag 0",controllerandscaler
"Feb 7, 2024 @ 10:34:31.896","2024-02-07 09:34:31 INFO  Lag:82 - total lag 0",controllerandscaler
"Feb 7, 2024 @ 10:34:30.864","2024-02-07 09:34:30 INFO  Lag:82 - total lag 0",controllerandscaler
"Feb 7, 2024 @ 10:34:29.851","2024-02-07 09:34:29 INFO  Lag:82 - total lag 0",controllerandscaler
"Feb 7, 2024 @ 10:34:28.838","2024-02-07 09:34:28 INFO  Lag:82 - total lag 0",controllerandscaler
"Feb 7, 2024 @ 10:34:27.825","2024-02-07 09:34:27 INFO  Lag:82 - total lag 0",controllerandscaler
"Feb 7, 2024 @ 10:34:26.814","2024-02-07 09:34:26 INFO  Lag:82 - total lag 0",controllerandscaler
"Feb 7, 2024 @ 10:34:25.800","2024-02-07 09:34:25 INFO  Lag:82 - total lag 0",controllerandscaler
"Feb 7, 2024 @ 10:34:24.790","2024-02-07 09:34:24 INFO  Lag:82 - total lag 0",controllerandscaler
"Feb 7, 2024 @ 10:34:23.784","2024-02-07 09:34:23 INFO  Lag:82 - total lag 0",controllerandscaler
"Feb 7, 2024 @ 10:34:22.767","2024-02-07 09:34:22 INFO  Lag:82 - total lag 0",controllerandscaler
"Feb 7, 2024 @ 10:34:21.753","2024-02-07 09:34:21 INFO  Lag:82 - total lag 0",controllerandscaler
"Feb 7, 2024 @ 10:34:20.732","2024-02-07 09:34:20 INFO  Lag:82 - total lag 0",controllerandscaler
"Feb 7, 2024 @ 10:34:19.719","2024-02-07 09:34:19 INFO  Lag:82 - total lag 0",controllerandscaler
"Feb 7, 2024 @ 10:34:18.709","2024-02-07 09:34:18 INFO  Lag:82 - total lag 0",controllerandscaler
"Feb 7, 2024 @ 10:34:17.699","2024-02-07 09:34:17 INFO  Lag:82 - total lag 0",controllerandscaler
"Feb 7, 2024 @ 10:34:16.687","2024-02-07 09:34:16 INFO  Lag:82 - total lag 0",controllerandscaler
"Feb 7, 2024 @ 10:34:15.672","2024-02-07 09:34:15 INFO  Lag:82 - total lag 0",controllerandscaler
"Feb 7, 2024 @ 10:34:14.659","2024-02-07 09:34:14 INFO  Lag:82 - total lag 0",controllerandscaler
"Feb 7, 2024 @ 10:34:13.647","2024-02-07 09:34:13 INFO  Lag:82 - total lag 80",controllerandscaler
"Feb 7, 2024 @ 10:34:12.634","2024-02-07 09:34:12 INFO  Lag:82 - total lag 47",controllerandscaler
"Feb 7, 2024 @ 10:34:11.393","2024-02-07 09:34:11 INFO  Lag:82 - total lag 33",controllerandscaler
"Feb 7, 2024 @ 10:34:10.321","2024-02-07 09:34:10 INFO  Lag:82 - total lag 46",controllerandscaler
"Feb 7, 2024 @ 10:34:09.309","2024-02-07 09:34:09 INFO  Lag:82 - total lag 46",controllerandscaler
"Feb 7, 2024 @ 10:34:08.297","2024-02-07 09:34:08 INFO  Lag:82 - total lag 54",controllerandscaler
"Feb 7, 2024 @ 10:34:07.284","2024-02-07 09:34:07 INFO  Lag:82 - total lag 67",controllerandscaler
"Feb 7, 2024 @ 10:34:06.271","2024-02-07 09:34:06 INFO  Lag:82 - total lag 73",controllerandscaler
"Feb 7, 2024 @ 10:34:05.248","2024-02-07 09:34:05 INFO  Lag:82 - total lag 73",controllerandscaler
"Feb 7, 2024 @ 10:34:04.235","2024-02-07 09:34:04 INFO  Lag:82 - total lag 78",controllerandscaler
"Feb 7, 2024 @ 10:34:03.225","2024-02-07 09:34:03 INFO  Lag:82 - total lag 89",controllerandscaler
"Feb 7, 2024 @ 10:34:02.212","2024-02-07 09:34:02 INFO  Lag:82 - total lag 96",controllerandscaler
"Feb 7, 2024 @ 10:34:01.202","2024-02-07 09:34:01 INFO  Lag:82 - total lag 104",controllerandscaler
"Feb 7, 2024 @ 10:33:59.994","2024-02-07 09:33:59 INFO  Lag:82 - total lag 0",controllerandscaler
"Feb 7, 2024 @ 10:33:58.981","2024-02-07 09:33:58 INFO  Lag:82 - total lag 0",controllerandscaler
"Feb 7, 2024 @ 10:33:57.968","2024-02-07 09:33:57 INFO  Lag:82 - total lag 0",controllerandscaler
"Feb 7, 2024 @ 10:33:56.955","2024-02-07 09:33:56 INFO  Lag:82 - total lag 0",controllerandscaler
"Feb 7, 2024 @ 10:33:55.942","2024-02-07 09:33:55 INFO  Lag:82 - total lag 0",controllerandscaler
"Feb 7, 2024 @ 10:33:54.928","2024-02-07 09:33:54 INFO  Lag:82 - total lag 0",controllerandscaler
"Feb 7, 2024 @ 10:33:53.919","2024-02-07 09:33:53 INFO  Lag:82 - total lag 0",controllerandscaler
"Feb 7, 2024 @ 10:33:52.905","2024-02-07 09:33:52 INFO  Lag:82 - total lag 0",controllerandscaler
"Feb 7, 2024 @ 10:33:51.891","2024-02-07 09:33:51 INFO  Lag:82 - total lag 0",controllerandscaler
"Feb 7, 2024 @ 10:33:50.878","2024-02-07 09:33:50 INFO  Lag:82 - total lag 0",controllerandscaler
"Feb 7, 2024 @ 10:33:49.865","2024-02-07 09:33:49 INFO  Lag:82 - total lag 169",controllerandscaler
"Feb 7, 2024 @ 10:33:48.852","2024-02-07 09:33:48 INFO  Lag:82 - total lag 106",controllerandscaler
"Feb 7, 2024 @ 10:33:47.839","2024-02-07 09:33:47 INFO  Lag:82 - total lag 52",controllerandscaler
"Feb 7, 2024 @ 10:33:46.572","2024-02-07 09:33:46 INFO  Lag:82 - total lag 0",controllerandscaler
"Feb 7, 2024 @ 10:33:45.558","2024-02-07 09:33:45 INFO  Lag:82 - total lag 0",controllerandscaler
"Feb 7, 2024 @ 10:33:44.548","2024-02-07 09:33:44 INFO  Lag:82 - total lag 0",controllerandscaler
"Feb 7, 2024 @ 10:33:43.535","2024-02-07 09:33:43 INFO  Lag:82 - total lag 0",controllerandscaler
"Feb 7, 2024 @ 10:33:42.495","2024-02-07 09:33:42 INFO  Lag:82 - total lag 0",controllerandscaler
"Feb 7, 2024 @ 10:33:41.479","2024-02-07 09:33:41 INFO  Lag:82 - total lag 0",controllerandscaler
"Feb 7, 2024 @ 10:33:40.467","2024-02-07 09:33:40 INFO  Lag:82 - total lag 0",controllerandscaler
"Feb 7, 2024 @ 10:33:39.453","2024-02-07 09:33:39 INFO  Lag:82 - total lag 0",controllerandscaler
"Feb 7, 2024 @ 10:33:38.441","2024-02-07 09:33:38 INFO  Lag:82 - total lag 0",controllerandscaler
"Feb 7, 2024 @ 10:33:37.430","2024-02-07 09:33:37 INFO  Lag:82 - total lag 0",controllerandscaler
"Feb 7, 2024 @ 10:33:36.417","2024-02-07 09:33:36 INFO  Lag:82 - total lag 0",controllerandscaler
"Feb 7, 2024 @ 10:33:35.403","2024-02-07 09:33:35 INFO  Lag:82 - total lag 0",controllerandscaler
"Feb 7, 2024 @ 10:33:34.393","2024-02-07 09:33:34 INFO  Lag:82 - total lag 0",controllerandscaler
"Feb 7, 2024 @ 10:33:33.379","2024-02-07 09:33:33 INFO  Lag:82 - total lag 0",controllerandscaler
"Feb 7, 2024 @ 10:33:32.368","2024-02-07 09:33:32 INFO  Lag:82 - total lag 13",controllerandscaler
"Feb 7, 2024 @ 10:33:31.356","2024-02-07 09:33:31 INFO  Lag:82 - total lag 0",controllerandscaler
"Feb 7, 2024 @ 10:33:30.343","2024-02-07 09:33:30 INFO  Lag:82 - total lag 14",controllerandscaler
"Feb 7, 2024 @ 10:33:29.329","2024-02-07 09:33:29 INFO  Lag:82 - total lag 32",controllerandscaler
"Feb 7, 2024 @ 10:33:28.327","2024-02-07 09:33:28 INFO  Lag:82 - total lag 117",controllerandscaler
"Feb 7, 2024 @ 10:33:27.305","2024-02-07 09:33:27 INFO  Lag:82 - total lag 59",controllerandscaler
"Feb 7, 2024 @ 10:33:26.293","2024-02-07 09:33:26 INFO  Lag:82 - total lag 137",controllerandscaler
"Feb 7, 2024 @ 10:33:25.281","2024-02-07 09:33:25 INFO  Lag:82 - total lag 223",controllerandscaler
"Feb 7, 2024 @ 10:33:24.268","2024-02-07 09:33:24 INFO  Lag:82 - total lag 109",controllerandscaler
"Feb 7, 2024 @ 10:33:23.256","2024-02-07 09:33:23 INFO  Lag:82 - total lag 158",controllerandscaler
"Feb 7, 2024 @ 10:33:22.243","2024-02-07 09:33:22 INFO  Lag:82 - total lag 194",controllerandscaler
"Feb 7, 2024 @ 10:33:21.229","2024-02-07 09:33:21 INFO  Lag:82 - total lag 240",controllerandscaler
"Feb 7, 2024 @ 10:33:20.215","2024-02-07 09:33:20 INFO  Lag:82 - total lag 208",controllerandscaler
"Feb 7, 2024 @ 10:33:19.201","2024-02-07 09:33:19 INFO  Lag:82 - total lag 252",controllerandscaler
"Feb 7, 2024 @ 10:33:18.188","2024-02-07 09:33:18 INFO  Lag:82 - total lag 260",controllerandscaler
"Feb 7, 2024 @ 10:33:17.174","2024-02-07 09:33:17 INFO  Lag:82 - total lag 264",controllerandscaler
"Feb 7, 2024 @ 10:33:16.163","2024-02-07 09:33:16 INFO  Lag:82 - total lag 262",controllerandscaler
"Feb 7, 2024 @ 10:33:15.150","2024-02-07 09:33:15 INFO  Lag:82 - total lag 260",controllerandscaler
"Feb 7, 2024 @ 10:33:14.132","2024-02-07 09:33:14 INFO  Lag:82 - total lag 271",controllerandscaler
"Feb 7, 2024 @ 10:33:13.124","2024-02-07 09:33:13 INFO  Lag:82 - total lag 272",controllerandscaler
"Feb 7, 2024 @ 10:33:12.104","2024-02-07 09:33:12 INFO  Lag:82 - total lag 269",controllerandscaler
"Feb 7, 2024 @ 10:33:11.087","2024-02-07 09:33:11 INFO  Lag:82 - total lag 280",controllerandscaler
"Feb 7, 2024 @ 10:33:10.079","2024-02-07 09:33:10 INFO  Lag:82 - total lag 283",controllerandscaler
"Feb 7, 2024 @ 10:33:09.060","2024-02-07 09:33:09 INFO  Lag:82 - total lag 290",controllerandscaler
"Feb 7, 2024 @ 10:33:08.047","2024-02-07 09:33:08 INFO  Lag:82 - total lag 288",controllerandscaler
"Feb 7, 2024 @ 10:33:07.034","2024-02-07 09:33:07 INFO  Lag:82 - total lag 293",controllerandscaler
"Feb 7, 2024 @ 10:33:06.020","2024-02-07 09:33:06 INFO  Lag:82 - total lag 304",controllerandscaler
"Feb 7, 2024 @ 10:33:05.007","2024-02-07 09:33:05 INFO  Lag:82 - total lag 313",controllerandscaler
"Feb 7, 2024 @ 10:33:03.957","2024-02-07 09:33:03 INFO  Lag:82 - total lag 0",controllerandscaler
"Feb 7, 2024 @ 10:33:02.937","2024-02-07 09:33:02 INFO  Lag:82 - total lag 0",controllerandscaler
"Feb 7, 2024 @ 10:33:01.927","2024-02-07 09:33:01 INFO  Lag:82 - total lag 0",controllerandscaler
"Feb 7, 2024 @ 10:33:00.912","2024-02-07 09:33:00 INFO  Lag:82 - total lag 0",controllerandscaler
"Feb 7, 2024 @ 10:32:59.896","2024-02-07 09:32:59 INFO  Lag:82 - total lag 0",controllerandscaler
"Feb 7, 2024 @ 10:32:58.882","2024-02-07 09:32:58 INFO  Lag:82 - total lag 0",controllerandscaler
"Feb 7, 2024 @ 10:32:57.868","2024-02-07 09:32:57 INFO  Lag:82 - total lag 0",controllerandscaler
"Feb 7, 2024 @ 10:32:56.809","2024-02-07 09:32:56 INFO  Lag:82 - total lag 0",controllerandscaler
"Feb 7, 2024 @ 10:32:55.795","2024-02-07 09:32:55 INFO  Lag:82 - total lag 0",controllerandscaler
"Feb 7, 2024 @ 10:32:54.784","2024-02-07 09:32:54 INFO  Lag:82 - total lag 0",controllerandscaler
"Feb 7, 2024 @ 10:32:53.733","2024-02-07 09:32:53 INFO  Lag:82 - total lag 0",controllerandscaler
"Feb 7, 2024 @ 10:32:52.721","2024-02-07 09:32:52 INFO  Lag:82 - total lag 0",controllerandscaler
"Feb 7, 2024 @ 10:32:51.713","2024-02-07 09:32:51 INFO  Lag:82 - total lag 0",controllerandscaler
"Feb 7, 2024 @ 10:32:50.697","2024-02-07 09:32:50 INFO  Lag:82 - total lag 0",controllerandscaler
"Feb 7, 2024 @ 10:32:49.683","2024-02-07 09:32:49 INFO  Lag:82 - total lag 0",controllerandscaler
"Feb 7, 2024 @ 10:32:48.671","2024-02-07 09:32:48 INFO  Lag:82 - total lag 0",controllerandscaler
"Feb 7, 2024 @ 10:32:47.661","2024-02-07 09:32:47 INFO  Lag:82 - total lag 0",controllerandscaler
"Feb 7, 2024 @ 10:32:46.646","2024-02-07 09:32:46 INFO  Lag:82 - total lag 0",controllerandscaler
"Feb 7, 2024 @ 10:32:45.633","2024-02-07 09:32:45 INFO  Lag:82 - total lag 0",controllerandscaler
"Feb 7, 2024 @ 10:32:44.622","2024-02-07 09:32:44 INFO  Lag:82 - total lag 0",controllerandscaler
"Feb 7, 2024 @ 10:32:43.610","2024-02-07 09:32:43 INFO  Lag:82 - total lag 0",controllerandscaler
"Feb 7, 2024 @ 10:32:42.599","2024-02-07 09:32:42 INFO  Lag:82 - total lag 0",controllerandscaler
"Feb 7, 2024 @ 10:32:41.584","2024-02-07 09:32:41 INFO  Lag:82 - total lag 0",controllerandscaler
"Feb 7, 2024 @ 10:32:40.570","2024-02-07 09:32:40 INFO  Lag:82 - total lag 0",controllerandscaler
"Feb 7, 2024 @ 10:32:39.556","2024-02-07 09:32:39 INFO  Lag:82 - total lag 0",controllerandscaler
"Feb 7, 2024 @ 10:32:38.546","2024-02-07 09:32:38 INFO  Lag:82 - total lag 0",controllerandscaler
"Feb 7, 2024 @ 10:32:37.535","2024-02-07 09:32:37 INFO  Lag:82 - total lag 0",controllerandscaler
"Feb 7, 2024 @ 10:32:36.522","2024-02-07 09:32:36 INFO  Lag:82 - total lag 0",controllerandscaler
"Feb 7, 2024 @ 10:32:35.509","2024-02-07 09:32:35 INFO  Lag:82 - total lag 0",controllerandscaler
"Feb 7, 2024 @ 10:32:34.488","2024-02-07 09:32:34 INFO  Lag:82 - total lag 0",controllerandscaler
"Feb 7, 2024 @ 10:32:33.472","2024-02-07 09:32:33 INFO  Lag:82 - total lag 0",controllerandscaler
"Feb 7, 2024 @ 10:32:32.461","2024-02-07 09:32:32 INFO  Lag:82 - total lag 0",controllerandscaler
"Feb 7, 2024 @ 10:32:31.448","2024-02-07 09:32:31 INFO  Lag:82 - total lag 0",controllerandscaler
"Feb 7, 2024 @ 10:32:30.434","2024-02-07 09:32:30 INFO  Lag:82 - total lag 0",controllerandscaler
"Feb 7, 2024 @ 10:32:29.419","2024-02-07 09:32:29 INFO  Lag:82 - total lag 156",controllerandscaler
"Feb 7, 2024 @ 10:32:28.407","2024-02-07 09:32:28 INFO  Lag:82 - total lag 278",controllerandscaler
"Feb 7, 2024 @ 10:32:27.370","2024-02-07 09:32:27 INFO  Lag:82 - total lag 0",controllerandscaler
"Feb 7, 2024 @ 10:32:26.356","2024-02-07 09:32:26 INFO  Lag:82 - total lag 0",controllerandscaler
"Feb 7, 2024 @ 10:32:25.344","2024-02-07 09:32:25 INFO  Lag:82 - total lag 0",controllerandscaler
"Feb 7, 2024 @ 10:32:24.330","2024-02-07 09:32:24 INFO  Lag:82 - total lag 0",controllerandscaler
"Feb 7, 2024 @ 10:32:23.319","2024-02-07 09:32:23 INFO  Lag:82 - total lag 0",controllerandscaler
"Feb 7, 2024 @ 10:32:22.304","2024-02-07 09:32:22 INFO  Lag:82 - total lag 0",controllerandscaler
"Feb 7, 2024 @ 10:32:21.289","2024-02-07 09:32:21 INFO  Lag:82 - total lag 0",controllerandscaler
"Feb 7, 2024 @ 10:32:20.274","2024-02-07 09:32:20 INFO  Lag:82 - total lag 0",controllerandscaler
"Feb 7, 2024 @ 10:32:19.260","2024-02-07 09:32:19 INFO  Lag:82 - total lag 167",controllerandscaler
"Feb 7, 2024 @ 10:32:18.246","2024-02-07 09:32:18 INFO  Lag:82 - total lag 244",controllerandscaler
"Feb 7, 2024 @ 10:32:17.234","2024-02-07 09:32:17 INFO  Lag:82 - total lag 366",controllerandscaler
"Feb 7, 2024 @ 10:32:16.225","2024-02-07 09:32:16 INFO  Lag:82 - total lag 298",controllerandscaler
"Feb 7, 2024 @ 10:32:15.204","2024-02-07 09:32:15 INFO  Lag:82 - total lag 224",controllerandscaler
"Feb 7, 2024 @ 10:32:14.192","2024-02-07 09:32:14 INFO  Lag:82 - total lag 222",controllerandscaler
"Feb 7, 2024 @ 10:32:13.086","2024-02-07 09:32:13 INFO  Lag:82 - total lag 165",controllerandscaler
"Feb 7, 2024 @ 10:32:12.073","2024-02-07 09:32:12 INFO  Lag:82 - total lag 278",controllerandscaler
"Feb 7, 2024 @ 10:32:11.060","2024-02-07 09:32:11 INFO  Lag:82 - total lag 272",controllerandscaler
"Feb 7, 2024 @ 10:32:10.045","2024-02-07 09:32:10 INFO  Lag:82 - total lag 261",controllerandscaler
"Feb 7, 2024 @ 10:32:09.031","2024-02-07 09:32:09 INFO  Lag:82 - total lag 230",controllerandscaler
"Feb 7, 2024 @ 10:32:08.016","2024-02-07 09:32:08 INFO  Lag:82 - total lag 275",controllerandscaler
"Feb 7, 2024 @ 10:32:07.042","2024-02-07 09:32:07 INFO  Lag:82 - total lag 242",controllerandscaler
"Feb 7, 2024 @ 10:32:05.989","2024-02-07 09:32:05 INFO  Lag:82 - total lag 188",controllerandscaler
"Feb 7, 2024 @ 10:32:04.979","2024-02-07 09:32:04 INFO  Lag:82 - total lag 157",controllerandscaler
"Feb 7, 2024 @ 10:32:03.675","2024-02-07 09:32:03 INFO  Lag:82 - total lag 265",controllerandscaler
"Feb 7, 2024 @ 10:32:02.663","2024-02-07 09:32:02 INFO  Lag:82 - total lag 191",controllerandscaler
"Feb 7, 2024 @ 10:32:01.648","2024-02-07 09:32:01 INFO  Lag:82 - total lag 6",controllerandscaler
"Feb 7, 2024 @ 10:32:00.631","2024-02-07 09:32:00 INFO  Lag:82 - total lag 0",controllerandscaler
"Feb 7, 2024 @ 10:31:59.574","2024-02-07 09:31:59 INFO  Lag:82 - total lag 0",controllerandscaler
"Feb 7, 2024 @ 10:31:58.560","2024-02-07 09:31:58 INFO  Lag:82 - total lag 0",controllerandscaler
"Feb 7, 2024 @ 10:31:57.550","2024-02-07 09:31:57 INFO  Lag:82 - total lag 0",controllerandscaler
"Feb 7, 2024 @ 10:31:56.537","2024-02-07 09:31:56 INFO  Lag:82 - total lag 0",controllerandscaler
"Feb 7, 2024 @ 10:31:55.523","2024-02-07 09:31:55 INFO  Lag:82 - total lag 0",controllerandscaler
"Feb 7, 2024 @ 10:31:54.511","2024-02-07 09:31:54 INFO  Lag:82 - total lag 0",controllerandscaler
"Feb 7, 2024 @ 10:31:53.496","2024-02-07 09:31:53 INFO  Lag:82 - total lag 0",controllerandscaler
"Feb 7, 2024 @ 10:31:52.470","2024-02-07 09:31:52 INFO  Lag:82 - total lag 0",controllerandscaler
"Feb 7, 2024 @ 10:31:51.455","2024-02-07 09:31:51 INFO  Lag:82 - total lag 0",controllerandscaler
"Feb 7, 2024 @ 10:31:50.440","2024-02-07 09:31:50 INFO  Lag:82 - total lag 0",controllerandscaler
"Feb 7, 2024 @ 10:31:49.428","2024-02-07 09:31:49 INFO  Lag:82 - total lag 0",controllerandscaler
"Feb 7, 2024 @ 10:31:48.412","2024-02-07 09:31:48 INFO  Lag:82 - total lag 0",controllerandscaler
"Feb 7, 2024 @ 10:31:47.400","2024-02-07 09:31:47 INFO  Lag:82 - total lag 0",controllerandscaler
"Feb 7, 2024 @ 10:31:46.386","2024-02-07 09:31:46 INFO  Lag:82 - total lag 0",controllerandscaler
"Feb 7, 2024 @ 10:31:45.370","2024-02-07 09:31:45 INFO  Lag:82 - total lag 0",controllerandscaler
"Feb 7, 2024 @ 10:31:44.357","2024-02-07 09:31:44 INFO  Lag:82 - total lag 0",controllerandscaler
"Feb 7, 2024 @ 10:31:43.343","2024-02-07 09:31:43 INFO  Lag:82 - total lag 0",controllerandscaler
"Feb 7, 2024 @ 10:31:42.328","2024-02-07 09:31:42 INFO  Lag:82 - total lag 0",controllerandscaler
"Feb 7, 2024 @ 10:31:41.318","2024-02-07 09:31:41 INFO  Lag:82 - total lag 0",controllerandscaler
"Feb 7, 2024 @ 10:31:40.300","2024-02-07 09:31:40 INFO  Lag:82 - total lag 0",controllerandscaler
"Feb 7, 2024 @ 10:31:39.234","2024-02-07 09:31:39 INFO  Lag:82 - total lag 0",controllerandscaler
"Feb 7, 2024 @ 10:31:38.219","2024-02-07 09:31:38 INFO  Lag:82 - total lag 0",controllerandscaler
"Feb 7, 2024 @ 10:31:37.198","2024-02-07 09:31:37 INFO  Lag:82 - total lag 0",controllerandscaler
"Feb 7, 2024 @ 10:31:36.174","2024-02-07 09:31:36 INFO  Lag:82 - total lag 0",controllerandscaler
"Feb 7, 2024 @ 10:31:35.158","2024-02-07 09:31:35 INFO  Lag:82 - total lag 0",controllerandscaler
"Feb 7, 2024 @ 10:31:34.144","2024-02-07 09:31:34 INFO  Lag:82 - total lag 0",controllerandscaler
"Feb 7, 2024 @ 10:31:33.129","2024-02-07 09:31:33 INFO  Lag:82 - total lag 0",controllerandscaler
"Feb 7, 2024 @ 10:31:32.110","2024-02-07 09:31:32 INFO  Lag:82 - total lag 0",controllerandscaler
"Feb 7, 2024 @ 10:31:31.095","2024-02-07 09:31:31 INFO  Lag:82 - total lag 0",controllerandscaler
"Feb 7, 2024 @ 10:31:30.080","2024-02-07 09:31:30 INFO  Lag:82 - total lag 11",controllerandscaler
"Feb 7, 2024 @ 10:31:29.066","2024-02-07 09:31:29 INFO  Lag:82 - total lag 0",controllerandscaler
"Feb 7, 2024 @ 10:31:28.050","2024-02-07 09:31:28 INFO  Lag:82 - total lag 0",controllerandscaler
"Feb 7, 2024 @ 10:31:27.036","2024-02-07 09:31:27 INFO  Lag:82 - total lag 0",controllerandscaler
"Feb 7, 2024 @ 10:31:26.021","2024-02-07 09:31:26 INFO  Lag:82 - total lag 0",controllerandscaler
"Feb 7, 2024 @ 10:31:25.005","2024-02-07 09:31:25 INFO  Lag:82 - total lag 0",controllerandscaler
"Feb 7, 2024 @ 10:31:23.995","2024-02-07 09:31:23 INFO  Lag:82 - total lag 0",controllerandscaler
"Feb 7, 2024 @ 10:31:22.978","2024-02-07 09:31:22 INFO  Lag:82 - total lag 0",controllerandscaler
"Feb 7, 2024 @ 10:31:21.966","2024-02-07 09:31:21 INFO  Lag:82 - total lag 0",controllerandscaler
"Feb 7, 2024 @ 10:31:20.949","2024-02-07 09:31:20 INFO  Lag:82 - total lag 0",controllerandscaler
"Feb 7, 2024 @ 10:31:19.936","2024-02-07 09:31:19 INFO  Lag:82 - total lag 0",controllerandscaler
"Feb 7, 2024 @ 10:31:18.920","2024-02-07 09:31:18 INFO  Lag:82 - total lag 0",controllerandscaler
"Feb 7, 2024 @ 10:31:17.905","2024-02-07 09:31:17 INFO  Lag:82 - total lag 0",controllerandscaler
"Feb 7, 2024 @ 10:31:16.890","2024-02-07 09:31:16 INFO  Lag:82 - total lag 0",controllerandscaler
"Feb 7, 2024 @ 10:31:15.875","2024-02-07 09:31:15 INFO  Lag:82 - total lag 0",controllerandscaler
"Feb 7, 2024 @ 10:31:14.863","2024-02-07 09:31:14 INFO  Lag:82 - total lag 0",controllerandscaler
"Feb 7, 2024 @ 10:31:13.852","2024-02-07 09:31:13 INFO  Lag:82 - total lag 56",controllerandscaler
"Feb 7, 2024 @ 10:31:12.838","2024-02-07 09:31:12 INFO  Lag:82 - total lag 0",controllerandscaler
"Feb 7, 2024 @ 10:31:11.824","2024-02-07 09:31:11 INFO  Lag:82 - total lag 61",controllerandscaler
"Feb 7, 2024 @ 10:31:10.812","2024-02-07 09:31:10 INFO  Lag:82 - total lag 59",controllerandscaler
"Feb 7, 2024 @ 10:31:09.797","2024-02-07 09:31:09 INFO  Lag:82 - total lag 0",controllerandscaler
"Feb 7, 2024 @ 10:31:08.782","2024-02-07 09:31:08 INFO  Lag:82 - total lag 55",controllerandscaler
"Feb 7, 2024 @ 10:31:07.766","2024-02-07 09:31:07 INFO  Lag:82 - total lag 58",controllerandscaler
"Feb 7, 2024 @ 10:31:06.751","2024-02-07 09:31:06 INFO  Lag:82 - total lag 106",controllerandscaler
"Feb 7, 2024 @ 10:31:05.736","2024-02-07 09:31:05 INFO  Lag:82 - total lag 115",controllerandscaler
"Feb 7, 2024 @ 10:31:04.722","2024-02-07 09:31:04 INFO  Lag:82 - total lag 121",controllerandscaler
"Feb 7, 2024 @ 10:31:03.711","2024-02-07 09:31:03 INFO  Lag:82 - total lag 98",controllerandscaler
"Feb 7, 2024 @ 10:31:02.696","2024-02-07 09:31:02 INFO  Lag:82 - total lag 113",controllerandscaler
"Feb 7, 2024 @ 10:31:01.686","2024-02-07 09:31:01 INFO  Lag:82 - total lag 110",controllerandscaler
"Feb 7, 2024 @ 10:31:00.674","2024-02-07 09:31:00 INFO  Lag:82 - total lag 110",controllerandscaler
"Feb 7, 2024 @ 10:30:59.660","2024-02-07 09:30:59 INFO  Lag:82 - total lag 113",controllerandscaler
"Feb 7, 2024 @ 10:30:58.647","2024-02-07 09:30:58 INFO  Lag:82 - total lag 139",controllerandscaler
"Feb 7, 2024 @ 10:30:57.642","2024-02-07 09:30:57 INFO  Lag:82 - total lag 123",controllerandscaler
"Feb 7, 2024 @ 10:30:56.624","2024-02-07 09:30:56 INFO  Lag:82 - total lag 119",controllerandscaler
"Feb 7, 2024 @ 10:30:55.608","2024-02-07 09:30:55 INFO  Lag:82 - total lag 139",controllerandscaler
"Feb 7, 2024 @ 10:30:54.595","2024-02-07 09:30:54 INFO  Lag:82 - total lag 121",controllerandscaler
"Feb 7, 2024 @ 10:30:53.582","2024-02-07 09:30:53 INFO  Lag:82 - total lag 115",controllerandscaler
"Feb 7, 2024 @ 10:30:52.571","2024-02-07 09:30:52 INFO  Lag:82 - total lag 143",controllerandscaler
"Feb 7, 2024 @ 10:30:51.576","2024-02-07 09:30:51 INFO  Lag:82 - total lag 154",controllerandscaler
"Feb 7, 2024 @ 10:30:50.197","2024-02-07 09:30:50 INFO  Lag:82 - total lag 0",controllerandscaler
"Feb 7, 2024 @ 10:30:49.182","2024-02-07 09:30:49 INFO  Lag:82 - total lag 0",controllerandscaler
"Feb 7, 2024 @ 10:30:48.167","2024-02-07 09:30:48 INFO  Lag:82 - total lag 0",controllerandscaler
"Feb 7, 2024 @ 10:30:47.153","2024-02-07 09:30:47 INFO  Lag:82 - total lag 0",controllerandscaler
"Feb 7, 2024 @ 10:30:46.139","2024-02-07 09:30:46 INFO  Lag:82 - total lag 0",controllerandscaler
"Feb 7, 2024 @ 10:30:45.125","2024-02-07 09:30:45 INFO  Lag:82 - total lag 0",controllerandscaler
"Feb 7, 2024 @ 10:30:44.110","2024-02-07 09:30:44 INFO  Lag:82 - total lag 0",controllerandscaler
"Feb 7, 2024 @ 10:30:43.100","2024-02-07 09:30:43 INFO  Lag:82 - total lag 0",controllerandscaler
"Feb 7, 2024 @ 10:30:42.078","2024-02-07 09:30:42 INFO  Lag:82 - total lag 0",controllerandscaler
"Feb 7, 2024 @ 10:30:41.064","2024-02-07 09:30:41 INFO  Lag:82 - total lag 0",controllerandscaler
"Feb 7, 2024 @ 10:30:40.050","2024-02-07 09:30:40 INFO  Lag:82 - total lag 0",controllerandscaler
"Feb 7, 2024 @ 10:30:39.035","2024-02-07 09:30:39 INFO  Lag:82 - total lag 0",controllerandscaler
"Feb 7, 2024 @ 10:30:38.017","2024-02-07 09:30:38 INFO  Lag:82 - total lag 0",controllerandscaler
"Feb 7, 2024 @ 10:30:37.010","2024-02-07 09:30:37 INFO  Lag:82 - total lag 0",controllerandscaler
"Feb 7, 2024 @ 10:30:35.986","2024-02-07 09:30:35 INFO  Lag:82 - total lag 0",controllerandscaler
"Feb 7, 2024 @ 10:30:34.972","2024-02-07 09:30:34 INFO  Lag:82 - total lag 0",controllerandscaler
"Feb 7, 2024 @ 10:30:33.959","2024-02-07 09:30:33 INFO  Lag:82 - total lag 0",controllerandscaler
"Feb 7, 2024 @ 10:30:32.904","2024-02-07 09:30:32 INFO  Lag:82 - total lag 0",controllerandscaler
"Feb 7, 2024 @ 10:30:31.887","2024-02-07 09:30:31 INFO  Lag:82 - total lag 0",controllerandscaler
"Feb 7, 2024 @ 10:30:30.871","2024-02-07 09:30:30 INFO  Lag:82 - total lag 0",controllerandscaler
"Feb 7, 2024 @ 10:30:29.854","2024-02-07 09:30:29 INFO  Lag:82 - total lag 0",controllerandscaler
"Feb 7, 2024 @ 10:30:28.841","2024-02-07 09:30:28 INFO  Lag:82 - total lag 0",controllerandscaler
"Feb 7, 2024 @ 10:30:27.826","2024-02-07 09:30:27 INFO  Lag:82 - total lag 0",controllerandscaler
"Feb 7, 2024 @ 10:30:26.854","2024-02-07 09:30:26 INFO  Lag:82 - total lag 0",controllerandscaler
"Feb 7, 2024 @ 10:30:25.798","2024-02-07 09:30:25 INFO  Lag:82 - total lag 0",controllerandscaler
"Feb 7, 2024 @ 10:30:24.781","2024-02-07 09:30:24 INFO  Lag:82 - total lag 0",controllerandscaler
"Feb 7, 2024 @ 10:30:23.760","2024-02-07 09:30:23 INFO  Lag:82 - total lag 0",controllerandscaler
"Feb 7, 2024 @ 10:30:22.743","2024-02-07 09:30:22 INFO  Lag:82 - total lag 0",controllerandscaler
"Feb 7, 2024 @ 10:30:21.735","2024-02-07 09:30:21 INFO  Lag:82 - total lag 0",controllerandscaler
"Feb 7, 2024 @ 10:30:20.712","2024-02-07 09:30:20 INFO  Lag:82 - total lag 0",controllerandscaler
"Feb 7, 2024 @ 10:30:19.726","2024-02-07 09:30:19 INFO  Lag:82 - total lag 0",controllerandscaler
"Feb 7, 2024 @ 10:30:18.420","2024-02-07 09:30:18 INFO  Lag:82 - total lag 196",controllerandscaler
"Feb 7, 2024 @ 10:30:17.406","2024-02-07 09:30:17 INFO  Lag:82 - total lag 210",controllerandscaler
"Feb 7, 2024 @ 10:30:16.390","2024-02-07 09:30:16 INFO  Lag:82 - total lag 224",controllerandscaler
"Feb 7, 2024 @ 10:30:15.376","2024-02-07 09:30:15 INFO  Lag:82 - total lag 467",controllerandscaler
"Feb 7, 2024 @ 10:30:14.365","2024-02-07 09:30:14 INFO  Lag:82 - total lag 197",controllerandscaler
"Feb 7, 2024 @ 10:30:13.190","2024-02-07 09:30:13 INFO  Lag:82 - total lag 0",controllerandscaler
"Feb 7, 2024 @ 10:30:11.724","2024-02-07 09:30:11 INFO  Lag:82 - total lag 41",controllerandscaler
"Feb 7, 2024 @ 10:30:10.709","2024-02-07 09:30:10 INFO  Lag:82 - total lag 20",controllerandscaler
"Feb 7, 2024 @ 10:30:09.734","2024-02-07 09:30:09 INFO  Lag:82 - total lag 94",controllerandscaler
"Feb 7, 2024 @ 10:30:08.684","2024-02-07 09:30:08 INFO  Lag:82 - total lag 59",controllerandscaler
"Feb 7, 2024 @ 10:30:07.671","2024-02-07 09:30:07 INFO  Lag:82 - total lag 86",controllerandscaler
"Feb 7, 2024 @ 10:30:06.657","2024-02-07 09:30:06 INFO  Lag:82 - total lag 36",controllerandscaler
"Feb 7, 2024 @ 10:30:05.642","2024-02-07 09:30:05 INFO  Lag:82 - total lag 135",controllerandscaler
"Feb 7, 2024 @ 10:30:04.264","2024-02-07 09:30:04 INFO  Lag:82 - total lag 241",controllerandscaler
"Feb 7, 2024 @ 10:30:03.249","2024-02-07 09:30:03 INFO  Lag:82 - total lag 0",controllerandscaler
"Feb 7, 2024 @ 10:30:02.234","2024-02-07 09:30:02 INFO  Lag:82 - total lag 0",controllerandscaler
"Feb 7, 2024 @ 10:30:01.220","2024-02-07 09:30:01 INFO  Lag:82 - total lag 0",controllerandscaler
"Feb 7, 2024 @ 10:30:00.204","2024-02-07 09:30:00 INFO  Lag:82 - total lag 0",controllerandscaler
"Feb 7, 2024 @ 10:29:59.193","2024-02-07 09:29:59 INFO  Lag:82 - total lag 0",controllerandscaler
"Feb 7, 2024 @ 10:29:58.176","2024-02-07 09:29:58 INFO  Lag:82 - total lag 0",controllerandscaler
"Feb 7, 2024 @ 10:29:57.162","2024-02-07 09:29:57 INFO  Lag:82 - total lag 0",controllerandscaler
"Feb 7, 2024 @ 10:29:56.148","2024-02-07 09:29:56 INFO  Lag:82 - total lag 0",controllerandscaler
"Feb 7, 2024 @ 10:29:55.133","2024-02-07 09:29:55 INFO  Lag:82 - total lag 0",controllerandscaler
"Feb 7, 2024 @ 10:29:54.120","2024-02-07 09:29:54 INFO  Lag:82 - total lag 0",controllerandscaler
"Feb 7, 2024 @ 10:29:53.115","2024-02-07 09:29:53 INFO  Lag:82 - total lag 0",controllerandscaler
"Feb 7, 2024 @ 10:29:52.090","2024-02-07 09:29:52 INFO  Lag:82 - total lag 0",controllerandscaler
"Feb 7, 2024 @ 10:29:51.076","2024-02-07 09:29:51 INFO  Lag:82 - total lag 0",controllerandscaler
"Feb 7, 2024 @ 10:29:50.060","2024-02-07 09:29:50 INFO  Lag:82 - total lag 0",controllerandscaler
"Feb 7, 2024 @ 10:29:49.061","2024-02-07 09:29:49 INFO  Lag:82 - total lag 0",controllerandscaler
"Feb 7, 2024 @ 10:29:48.029","2024-02-07 09:29:48 INFO  Lag:82 - total lag 0",controllerandscaler
"Feb 7, 2024 @ 10:29:47.013","2024-02-07 09:29:47 INFO  Lag:82 - total lag 0",controllerandscaler
"Feb 7, 2024 @ 10:29:45.996","2024-02-07 09:29:45 INFO  Lag:82 - total lag 0",controllerandscaler
"Feb 7, 2024 @ 10:29:44.982","2024-02-07 09:29:44 INFO  Lag:82 - total lag 0",controllerandscaler
"Feb 7, 2024 @ 10:29:43.971","2024-02-07 09:29:43 INFO  Lag:82 - total lag 0",controllerandscaler
"Feb 7, 2024 @ 10:29:42.956","2024-02-07 09:29:42 INFO  Lag:82 - total lag 0",controllerandscaler
"Feb 7, 2024 @ 10:29:41.936","2024-02-07 09:29:41 INFO  Lag:82 - total lag 0",controllerandscaler
"Feb 7, 2024 @ 10:29:40.920","2024-02-07 09:29:40 INFO  Lag:82 - total lag 0",controllerandscaler
"Feb 7, 2024 @ 10:29:39.904","2024-02-07 09:29:39 INFO  Lag:82 - total lag 0",controllerandscaler
"Feb 7, 2024 @ 10:29:38.888","2024-02-07 09:29:38 INFO  Lag:82 - total lag 0",controllerandscaler
"Feb 7, 2024 @ 10:29:37.872","2024-02-07 09:29:37 INFO  Lag:82 - total lag 0",controllerandscaler
"Feb 7, 2024 @ 10:29:36.856","2024-02-07 09:29:36 INFO  Lag:82 - total lag 0",controllerandscaler
"Feb 7, 2024 @ 10:29:35.843","2024-02-07 09:29:35 INFO  Lag:82 - total lag 0",controllerandscaler
"Feb 7, 2024 @ 10:29:34.826","2024-02-07 09:29:34 INFO  Lag:82 - total lag 0",controllerandscaler
"Feb 7, 2024 @ 10:29:33.814","2024-02-07 09:29:33 INFO  Lag:82 - total lag 0",controllerandscaler
"Feb 7, 2024 @ 10:29:32.798","2024-02-07 09:29:32 INFO  Lag:82 - total lag 0",controllerandscaler
"Feb 7, 2024 @ 10:29:31.782","2024-02-07 09:29:31 INFO  Lag:82 - total lag 0",controllerandscaler
"Feb 7, 2024 @ 10:29:30.765","2024-02-07 09:29:30 INFO  Lag:82 - total lag 0",controllerandscaler
"Feb 7, 2024 @ 10:29:29.747","2024-02-07 09:29:29 INFO  Lag:82 - total lag 0",controllerandscaler
"Feb 7, 2024 @ 10:29:28.735","2024-02-07 09:29:28 INFO  Lag:82 - total lag 0",controllerandscaler
"Feb 7, 2024 @ 10:29:27.718","2024-02-07 09:29:27 INFO  Lag:82 - total lag 0",controllerandscaler
"Feb 7, 2024 @ 10:29:26.705","2024-02-07 09:29:26 INFO  Lag:82 - total lag 0",controllerandscaler
"Feb 7, 2024 @ 10:29:25.688","2024-02-07 09:29:25 INFO  Lag:82 - total lag 0",controllerandscaler
"Feb 7, 2024 @ 10:29:24.666","2024-02-07 09:29:24 INFO  Lag:82 - total lag 0",controllerandscaler
"Feb 7, 2024 @ 10:29:23.616","2024-02-07 09:29:23 INFO  Lag:82 - total lag 0",controllerandscaler
"Feb 7, 2024 @ 10:29:22.603","2024-02-07 09:29:22 INFO  Lag:82 - total lag 0",controllerandscaler
"Feb 7, 2024 @ 10:29:21.589","2024-02-07 09:29:21 INFO  Lag:82 - total lag 0",controllerandscaler
"Feb 7, 2024 @ 10:29:20.561","2024-02-07 09:29:20 INFO  Lag:82 - total lag 0",controllerandscaler
"Feb 7, 2024 @ 10:29:19.545","2024-02-07 09:29:19 INFO  Lag:82 - total lag 2",controllerandscaler
"Feb 7, 2024 @ 10:29:18.512","2024-02-07 09:29:18 INFO  Lag:82 - total lag 45",controllerandscaler
"Feb 7, 2024 @ 10:29:17.491","2024-02-07 09:29:17 INFO  Lag:82 - total lag 100",controllerandscaler
"Feb 7, 2024 @ 10:29:16.475","2024-02-07 09:29:16 INFO  Lag:82 - total lag 90",controllerandscaler
"Feb 7, 2024 @ 10:29:15.459","2024-02-07 09:29:15 INFO  Lag:82 - total lag 96",controllerandscaler
"Feb 7, 2024 @ 10:29:14.445","2024-02-07 09:29:14 INFO  Lag:82 - total lag 98",controllerandscaler
"Feb 7, 2024 @ 10:29:13.428","2024-02-07 09:29:13 INFO  Lag:82 - total lag 0",controllerandscaler
"Feb 7, 2024 @ 10:29:12.414","2024-02-07 09:29:12 INFO  Lag:82 - total lag 14",controllerandscaler
"Feb 7, 2024 @ 10:29:11.399","2024-02-07 09:29:11 INFO  Lag:82 - total lag 101",controllerandscaler
"Feb 7, 2024 @ 10:29:10.386","2024-02-07 09:29:10 INFO  Lag:82 - total lag 169",controllerandscaler
"Feb 7, 2024 @ 10:29:09.322","2024-02-07 09:29:09 INFO  Lag:82 - total lag 109",controllerandscaler
"Feb 7, 2024 @ 10:29:08.308","2024-02-07 09:29:08 INFO  Lag:82 - total lag 157",controllerandscaler
"Feb 7, 2024 @ 10:29:07.295","2024-02-07 09:29:07 INFO  Lag:82 - total lag 158",controllerandscaler
"Feb 7, 2024 @ 10:29:06.277","2024-02-07 09:29:06 INFO  Lag:82 - total lag 169",controllerandscaler
"Feb 7, 2024 @ 10:29:05.260","2024-02-07 09:29:05 INFO  Lag:82 - total lag 151",controllerandscaler
"Feb 7, 2024 @ 10:29:04.229","2024-02-07 09:29:04 INFO  Lag:82 - total lag 163",controllerandscaler
"Feb 7, 2024 @ 10:29:03.185","2024-02-07 09:29:03 INFO  Lag:82 - total lag 158",controllerandscaler
"Feb 7, 2024 @ 10:29:01.967","2024-02-07 09:29:01 INFO  Lag:82 - total lag 208",controllerandscaler
"Feb 7, 2024 @ 10:29:00.958","2024-02-07 09:29:00 INFO  Lag:82 - total lag 206",controllerandscaler
"Feb 7, 2024 @ 10:28:59.946","2024-02-07 09:28:59 INFO  Lag:82 - total lag 185",controllerandscaler
"Feb 7, 2024 @ 10:28:58.925","2024-02-07 09:28:58 INFO  Lag:82 - total lag 46",controllerandscaler
"Feb 7, 2024 @ 10:28:57.910","2024-02-07 09:28:57 INFO  Lag:82 - total lag 0",controllerandscaler
"Feb 7, 2024 @ 10:28:56.897","2024-02-07 09:28:56 INFO  Lag:82 - total lag 0",controllerandscaler
"Feb 7, 2024 @ 10:28:55.882","2024-02-07 09:28:55 INFO  Lag:82 - total lag 0",controllerandscaler
"Feb 7, 2024 @ 10:28:54.871","2024-02-07 09:28:54 INFO  Lag:82 - total lag 0",controllerandscaler
"Feb 7, 2024 @ 10:28:53.858","2024-02-07 09:28:53 INFO  Lag:82 - total lag 0",controllerandscaler
"Feb 7, 2024 @ 10:28:52.842","2024-02-07 09:28:52 INFO  Lag:82 - total lag 0",controllerandscaler
"Feb 7, 2024 @ 10:28:51.825","2024-02-07 09:28:51 INFO  Lag:82 - total lag 0",controllerandscaler
"Feb 7, 2024 @ 10:28:50.808","2024-02-07 09:28:50 INFO  Lag:82 - total lag 0",controllerandscaler
"Feb 7, 2024 @ 10:28:49.792","2024-02-07 09:28:49 INFO  Lag:82 - total lag 0",controllerandscaler
"Feb 7, 2024 @ 10:28:48.788","2024-02-07 09:28:48 INFO  Lag:82 - total lag 0",controllerandscaler
"Feb 7, 2024 @ 10:28:47.760","2024-02-07 09:28:47 INFO  Lag:82 - total lag 0",controllerandscaler
"Feb 7, 2024 @ 10:28:46.743","2024-02-07 09:28:46 INFO  Lag:82 - total lag 0",controllerandscaler
"Feb 7, 2024 @ 10:28:45.726","2024-02-07 09:28:45 INFO  Lag:82 - total lag 0",controllerandscaler
"Feb 7, 2024 @ 10:28:44.707","2024-02-07 09:28:44 INFO  Lag:82 - total lag 0",controllerandscaler
"Feb 7, 2024 @ 10:28:43.693","2024-02-07 09:28:43 INFO  Lag:82 - total lag 0",controllerandscaler
"Feb 7, 2024 @ 10:28:42.674","2024-02-07 09:28:42 INFO  Lag:82 - total lag 0",controllerandscaler
"Feb 7, 2024 @ 10:28:41.656","2024-02-07 09:28:41 INFO  Lag:82 - total lag 0",controllerandscaler
"Feb 7, 2024 @ 10:28:40.639","2024-02-07 09:28:40 INFO  Lag:82 - total lag 0",controllerandscaler
"Feb 7, 2024 @ 10:28:39.622","2024-02-07 09:28:39 INFO  Lag:82 - total lag 0",controllerandscaler
"Feb 7, 2024 @ 10:28:38.501","2024-02-07 09:28:38 INFO  Lag:82 - total lag 0",controllerandscaler
"Feb 7, 2024 @ 10:28:37.482","2024-02-07 09:28:37 INFO  Lag:82 - total lag 0",controllerandscaler
"Feb 7, 2024 @ 10:28:36.466","2024-02-07 09:28:36 INFO  Lag:82 - total lag 0",controllerandscaler
"Feb 7, 2024 @ 10:28:35.450","2024-02-07 09:28:35 INFO  Lag:82 - total lag 0",controllerandscaler
"Feb 7, 2024 @ 10:28:34.435","2024-02-07 09:28:34 INFO  Lag:82 - total lag 0",controllerandscaler
"Feb 7, 2024 @ 10:28:33.416","2024-02-07 09:28:33 INFO  Lag:82 - total lag 0",controllerandscaler
"Feb 7, 2024 @ 10:28:32.397","2024-02-07 09:28:32 INFO  Lag:82 - total lag 0",controllerandscaler
"Feb 7, 2024 @ 10:28:31.381","2024-02-07 09:28:31 INFO  Lag:82 - total lag 0",controllerandscaler
"Feb 7, 2024 @ 10:28:30.365","2024-02-07 09:28:30 INFO  Lag:82 - total lag 0",controllerandscaler
"Feb 7, 2024 @ 10:28:29.348","2024-02-07 09:28:29 INFO  Lag:82 - total lag 0",controllerandscaler
"Feb 7, 2024 @ 10:28:28.330","2024-02-07 09:28:28 INFO  Lag:82 - total lag 0",controllerandscaler
"Feb 7, 2024 @ 10:28:27.315","2024-02-07 09:28:27 INFO  Lag:82 - total lag 0",controllerandscaler
"Feb 7, 2024 @ 10:28:26.299","2024-02-07 09:28:26 INFO  Lag:82 - total lag 0",controllerandscaler
"Feb 7, 2024 @ 10:28:25.283","2024-02-07 09:28:25 INFO  Lag:82 - total lag 0",controllerandscaler
"Feb 7, 2024 @ 10:28:24.266","2024-02-07 09:28:24 INFO  Lag:82 - total lag 0",controllerandscaler
"Feb 7, 2024 @ 10:28:23.231","2024-02-07 09:28:23 INFO  Lag:82 - total lag 0",controllerandscaler
"Feb 7, 2024 @ 10:28:22.215","2024-02-07 09:28:22 INFO  Lag:82 - total lag 0",controllerandscaler
"Feb 7, 2024 @ 10:28:21.198","2024-02-07 09:28:21 INFO  Lag:82 - total lag 0",controllerandscaler
"Feb 7, 2024 @ 10:28:20.180","2024-02-07 09:28:20 INFO  Lag:82 - total lag 0",controllerandscaler
"Feb 7, 2024 @ 10:28:19.151","2024-02-07 09:28:19 INFO  Lag:82 - total lag 60",controllerandscaler
"Feb 7, 2024 @ 10:28:18.131","2024-02-07 09:28:18 INFO  Lag:82 - total lag 56",controllerandscaler
"Feb 7, 2024 @ 10:28:17.095","2024-02-07 09:28:17 INFO  Lag:82 - total lag 97",controllerandscaler
"Feb 7, 2024 @ 10:28:16.079","2024-02-07 09:28:16 INFO  Lag:82 - total lag 111",controllerandscaler
"Feb 7, 2024 @ 10:28:15.060","2024-02-07 09:28:15 INFO  Lag:82 - total lag 108",controllerandscaler
"Feb 7, 2024 @ 10:28:14.046","2024-02-07 09:28:14 INFO  Lag:82 - total lag 91",controllerandscaler
"Feb 7, 2024 @ 10:28:13.030","2024-02-07 09:28:13 INFO  Lag:82 - total lag 101",controllerandscaler
"Feb 7, 2024 @ 10:28:12.012","2024-02-07 09:28:12 INFO  Lag:82 - total lag 96",controllerandscaler
"Feb 7, 2024 @ 10:28:10.994","2024-02-07 09:28:10 INFO  Lag:82 - total lag 129",controllerandscaler
"Feb 7, 2024 @ 10:28:09.978","2024-02-07 09:28:09 INFO  Lag:82 - total lag 98",controllerandscaler
"Feb 7, 2024 @ 10:28:08.960","2024-02-07 09:28:08 INFO  Lag:82 - total lag 128",controllerandscaler
"Feb 7, 2024 @ 10:28:07.944","2024-02-07 09:28:07 INFO  Lag:82 - total lag 131",controllerandscaler
"Feb 7, 2024 @ 10:28:06.929","2024-02-07 09:28:06 INFO  Lag:82 - total lag 134",controllerandscaler
"Feb 7, 2024 @ 10:28:05.911","2024-02-07 09:28:05 INFO  Lag:82 - total lag 129",controllerandscaler
"Feb 7, 2024 @ 10:28:04.895","2024-02-07 09:28:04 INFO  Lag:82 - total lag 114",controllerandscaler
"Feb 7, 2024 @ 10:28:03.881","2024-02-07 09:28:03 INFO  Lag:82 - total lag 130",controllerandscaler
"Feb 7, 2024 @ 10:28:02.862","2024-02-07 09:28:02 INFO  Lag:82 - total lag 133",controllerandscaler
"Feb 7, 2024 @ 10:28:01.847","2024-02-07 09:28:01 INFO  Lag:82 - total lag 129",controllerandscaler
"Feb 7, 2024 @ 10:28:00.841","2024-02-07 09:28:00 INFO  Lag:82 - total lag 138",controllerandscaler
"Feb 7, 2024 @ 10:27:59.814","2024-02-07 09:27:59 INFO  Lag:82 - total lag 144",controllerandscaler
"Feb 7, 2024 @ 10:27:58.798","2024-02-07 09:27:58 INFO  Lag:82 - total lag 154",controllerandscaler
"Feb 7, 2024 @ 10:27:57.776","2024-02-07 09:27:57 INFO  Lag:82 - total lag 153",controllerandscaler
"Feb 7, 2024 @ 10:27:56.762","2024-02-07 09:27:56 INFO  Lag:82 - total lag 156",controllerandscaler
"Feb 7, 2024 @ 10:27:55.742","2024-02-07 09:27:55 INFO  Lag:82 - total lag 0",controllerandscaler
"Feb 7, 2024 @ 10:27:54.729","2024-02-07 09:27:54 INFO  Lag:82 - total lag 0",controllerandscaler
"Feb 7, 2024 @ 10:27:53.713","2024-02-07 09:27:53 INFO  Lag:82 - total lag 0",controllerandscaler
"Feb 7, 2024 @ 10:27:52.694","2024-02-07 09:27:52 INFO  Lag:82 - total lag 0",controllerandscaler
"Feb 7, 2024 @ 10:27:51.674","2024-02-07 09:27:51 INFO  Lag:82 - total lag 0",controllerandscaler
"Feb 7, 2024 @ 10:27:50.658","2024-02-07 09:27:50 INFO  Lag:82 - total lag 0",controllerandscaler
"Feb 7, 2024 @ 10:27:49.638","2024-02-07 09:27:49 INFO  Lag:82 - total lag 0",controllerandscaler
"Feb 7, 2024 @ 10:27:48.622","2024-02-07 09:27:48 INFO  Lag:82 - total lag 0",controllerandscaler
"Feb 7, 2024 @ 10:27:47.601","2024-02-07 09:27:47 INFO  Lag:82 - total lag 0",controllerandscaler
"Feb 7, 2024 @ 10:27:46.575","2024-02-07 09:27:46 INFO  Lag:82 - total lag 0",controllerandscaler
"Feb 7, 2024 @ 10:27:45.558","2024-02-07 09:27:45 INFO  Lag:82 - total lag 0",controllerandscaler
"Feb 7, 2024 @ 10:27:44.545","2024-02-07 09:27:44 INFO  Lag:82 - total lag 0",controllerandscaler
"Feb 7, 2024 @ 10:27:43.527","2024-02-07 09:27:43 INFO  Lag:82 - total lag 0",controllerandscaler
"Feb 7, 2024 @ 10:27:42.494","2024-02-07 09:27:42 INFO  Lag:82 - total lag 0",controllerandscaler
"Feb 7, 2024 @ 10:27:41.475","2024-02-07 09:27:41 INFO  Lag:82 - total lag 0",controllerandscaler
"Feb 7, 2024 @ 10:27:40.456","2024-02-07 09:27:40 INFO  Lag:82 - total lag 0",controllerandscaler
"Feb 7, 2024 @ 10:27:39.436","2024-02-07 09:27:39 INFO  Lag:82 - total lag 0",controllerandscaler
"Feb 7, 2024 @ 10:27:38.418","2024-02-07 09:27:38 INFO  Lag:82 - total lag 84",controllerandscaler
"Feb 7, 2024 @ 10:27:37.401","2024-02-07 09:27:37 INFO  Lag:82 - total lag 39",controllerandscaler
"Feb 7, 2024 @ 10:27:36.158","2024-02-07 09:27:36 INFO  Lag:82 - total lag 0",controllerandscaler
"Feb 7, 2024 @ 10:27:35.283","2024-02-07 09:27:35 INFO  Lag:82 - total lag 0",controllerandscaler
"Feb 7, 2024 @ 10:27:34.121","2024-02-07 09:27:34 INFO  Lag:82 - total lag 0",controllerandscaler
"Feb 7, 2024 @ 10:27:33.107","2024-02-07 09:27:33 INFO  Lag:82 - total lag 0",controllerandscaler
"Feb 7, 2024 @ 10:27:32.090","2024-02-07 09:27:32 INFO  Lag:82 - total lag 0",controllerandscaler
"Feb 7, 2024 @ 10:27:31.071","2024-02-07 09:27:31 INFO  Lag:82 - total lag 68",controllerandscaler
"Feb 7, 2024 @ 10:27:30.012","2024-02-07 09:27:30 INFO  Lag:82 - total lag 0",controllerandscaler
"Feb 7, 2024 @ 10:27:28.993","2024-02-07 09:27:28 INFO  Lag:82 - total lag 71",controllerandscaler
"Feb 7, 2024 @ 10:27:27.977","2024-02-07 09:27:27 INFO  Lag:82 - total lag 42",controllerandscaler
"Feb 7, 2024 @ 10:27:26.960","2024-02-07 09:27:26 INFO  Lag:82 - total lag 137",controllerandscaler
"Feb 7, 2024 @ 10:27:25.863","2024-02-07 09:27:25 INFO  Lag:82 - total lag 58",controllerandscaler
"Feb 7, 2024 @ 10:27:24.851","2024-02-07 09:27:24 INFO  Lag:82 - total lag 127",controllerandscaler
"Feb 7, 2024 @ 10:27:23.831","2024-02-07 09:27:23 INFO  Lag:82 - total lag 100",controllerandscaler
"Feb 7, 2024 @ 10:27:22.815","2024-02-07 09:27:22 INFO  Lag:82 - total lag 129",controllerandscaler
"Feb 7, 2024 @ 10:27:21.796","2024-02-07 09:27:21 INFO  Lag:82 - total lag 101",controllerandscaler
"Feb 7, 2024 @ 10:27:20.727","2024-02-07 09:27:20 INFO  Lag:82 - total lag 156",controllerandscaler
"Feb 7, 2024 @ 10:27:19.710","2024-02-07 09:27:19 INFO  Lag:82 - total lag 162",controllerandscaler
"Feb 7, 2024 @ 10:27:18.664","2024-02-07 09:27:18 INFO  Lag:82 - total lag 180",controllerandscaler
"Feb 7, 2024 @ 10:27:17.634","2024-02-07 09:27:17 INFO  Lag:82 - total lag 186",controllerandscaler
"Feb 7, 2024 @ 10:27:16.617","2024-02-07 09:27:16 INFO  Lag:82 - total lag 155",controllerandscaler
"Feb 7, 2024 @ 10:27:15.599","2024-02-07 09:27:15 INFO  Lag:82 - total lag 191",controllerandscaler
"Feb 7, 2024 @ 10:27:14.583","2024-02-07 09:27:14 INFO  Lag:82 - total lag 0",controllerandscaler
"Feb 7, 2024 @ 10:27:13.563","2024-02-07 09:27:13 INFO  Lag:82 - total lag 0",controllerandscaler
"Feb 7, 2024 @ 10:27:12.527","2024-02-07 09:27:12 INFO  Lag:82 - total lag 0",controllerandscaler
"Feb 7, 2024 @ 10:27:11.506","2024-02-07 09:27:11 INFO  Lag:82 - total lag 0",controllerandscaler
"Feb 7, 2024 @ 10:27:10.487","2024-02-07 09:27:10 INFO  Lag:82 - total lag 0",controllerandscaler
"Feb 7, 2024 @ 10:27:09.468","2024-02-07 09:27:09 INFO  Lag:82 - total lag 0",controllerandscaler
"Feb 7, 2024 @ 10:27:08.448","2024-02-07 09:27:08 INFO  Lag:82 - total lag 0",controllerandscaler
"Feb 7, 2024 @ 10:27:07.432","2024-02-07 09:27:07 INFO  Lag:82 - total lag 0",controllerandscaler
"Feb 7, 2024 @ 10:27:06.416","2024-02-07 09:27:06 INFO  Lag:82 - total lag 0",controllerandscaler
"Feb 7, 2024 @ 10:27:05.394","2024-02-07 09:27:05 INFO  Lag:82 - total lag 0",controllerandscaler
"Feb 7, 2024 @ 10:27:04.378","2024-02-07 09:27:04 INFO  Lag:82 - total lag 0",controllerandscaler
"Feb 7, 2024 @ 10:27:03.359","2024-02-07 09:27:03 INFO  Lag:82 - total lag 0",controllerandscaler
"Feb 7, 2024 @ 10:27:02.342","2024-02-07 09:27:02 INFO  Lag:82 - total lag 0",controllerandscaler
"Feb 7, 2024 @ 10:27:01.326","2024-02-07 09:27:01 INFO  Lag:82 - total lag 0",controllerandscaler
"Feb 7, 2024 @ 10:27:00.307","2024-02-07 09:27:00 INFO  Lag:82 - total lag 0",controllerandscaler
"Feb 7, 2024 @ 10:26:59.299","2024-02-07 09:26:59 INFO  Lag:82 - total lag 0",controllerandscaler
"Feb 7, 2024 @ 10:26:58.269","2024-02-07 09:26:58 INFO  Lag:82 - total lag 0",controllerandscaler
"Feb 7, 2024 @ 10:26:57.252","2024-02-07 09:26:57 INFO  Lag:82 - total lag 0",controllerandscaler
"Feb 7, 2024 @ 10:26:56.235","2024-02-07 09:26:56 INFO  Lag:82 - total lag 0",controllerandscaler
"Feb 7, 2024 @ 10:26:55.214","2024-02-07 09:26:55 INFO  Lag:82 - total lag 0",controllerandscaler
"Feb 7, 2024 @ 10:26:54.197","2024-02-07 09:26:54 INFO  Lag:82 - total lag 0",controllerandscaler
"Feb 7, 2024 @ 10:26:53.179","2024-02-07 09:26:53 INFO  Lag:82 - total lag 0",controllerandscaler
"Feb 7, 2024 @ 10:26:52.160","2024-02-07 09:26:52 INFO  Lag:82 - total lag 0",controllerandscaler
"Feb 7, 2024 @ 10:26:51.136","2024-02-07 09:26:51 INFO  Lag:82 - total lag 0",controllerandscaler
"Feb 7, 2024 @ 10:26:50.118","2024-02-07 09:26:50 INFO  Lag:82 - total lag 0",controllerandscaler
"Feb 7, 2024 @ 10:26:49.115","2024-02-07 09:26:49 INFO  Lag:82 - total lag 0",controllerandscaler
"Feb 7, 2024 @ 10:26:48.073","2024-02-07 09:26:48 INFO  Lag:82 - total lag 0",controllerandscaler
"Feb 7, 2024 @ 10:26:47.054","2024-02-07 09:26:47 INFO  Lag:82 - total lag 107",controllerandscaler
"Feb 7, 2024 @ 10:26:46.035","2024-02-07 09:26:46 INFO  Lag:82 - total lag 118",controllerandscaler
"Feb 7, 2024 @ 10:26:45.018","2024-02-07 09:26:45 INFO  Lag:82 - total lag 107",controllerandscaler
"Feb 7, 2024 @ 10:26:44.006","2024-02-07 09:26:44 INFO  Lag:82 - total lag 111",controllerandscaler
"Feb 7, 2024 @ 10:26:42.992","2024-02-07 09:26:42 INFO  Lag:82 - total lag 119",controllerandscaler
"Feb 7, 2024 @ 10:26:41.971","2024-02-07 09:26:41 INFO  Lag:82 - total lag 112",controllerandscaler
"Feb 7, 2024 @ 10:26:40.954","2024-02-07 09:26:40 INFO  Lag:82 - total lag 93",controllerandscaler
"Feb 7, 2024 @ 10:26:39.916","2024-02-07 09:26:39 INFO  Lag:82 - total lag 113",controllerandscaler
"Feb 7, 2024 @ 10:26:38.891","2024-02-07 09:26:38 INFO  Lag:82 - total lag 138",controllerandscaler
"Feb 7, 2024 @ 10:26:37.874","2024-02-07 09:26:37 INFO  Lag:82 - total lag 182",controllerandscaler
"Feb 7, 2024 @ 10:26:36.763","2024-02-07 09:26:36 INFO  Lag:82 - total lag 174",controllerandscaler
"Feb 7, 2024 @ 10:26:35.536","2024-02-07 09:26:35 INFO  Lag:82 - total lag 189",controllerandscaler
"Feb 7, 2024 @ 10:26:34.462","2024-02-07 09:26:34 INFO  Lag:82 - total lag 81",controllerandscaler
"Feb 7, 2024 @ 10:26:33.452","2024-02-07 09:26:33 INFO  Lag:82 - total lag 0",controllerandscaler
"Feb 7, 2024 @ 10:26:32.426","2024-02-07 09:26:32 INFO  Lag:82 - total lag 0",controllerandscaler
"Feb 7, 2024 @ 10:26:31.407","2024-02-07 09:26:31 INFO  Lag:82 - total lag 0",controllerandscaler
"Feb 7, 2024 @ 10:26:30.389","2024-02-07 09:26:30 INFO  Lag:82 - total lag 0",controllerandscaler
"Feb 7, 2024 @ 10:26:29.371","2024-02-07 09:26:29 INFO  Lag:82 - total lag 0",controllerandscaler
"Feb 7, 2024 @ 10:26:28.352","2024-02-07 09:26:28 INFO  Lag:82 - total lag 0",controllerandscaler
"Feb 7, 2024 @ 10:26:27.329","2024-02-07 09:26:27 INFO  Lag:82 - total lag 0",controllerandscaler
"Feb 7, 2024 @ 10:26:26.307","2024-02-07 09:26:26 INFO  Lag:82 - total lag 0",controllerandscaler
"Feb 7, 2024 @ 10:26:25.286","2024-02-07 09:26:25 INFO  Lag:82 - total lag 0",controllerandscaler
"Feb 7, 2024 @ 10:26:24.217","2024-02-07 09:26:24 INFO  Lag:82 - total lag 0",controllerandscaler
"Feb 7, 2024 @ 10:26:23.199","2024-02-07 09:26:23 INFO  Lag:82 - total lag 0",controllerandscaler
"Feb 7, 2024 @ 10:26:22.164","2024-02-07 09:26:22 INFO  Lag:82 - total lag 0",controllerandscaler
"Feb 7, 2024 @ 10:26:21.144","2024-02-07 09:26:21 INFO  Lag:82 - total lag 0",controllerandscaler
"Feb 7, 2024 @ 10:26:20.125","2024-02-07 09:26:20 INFO  Lag:82 - total lag 0",controllerandscaler
"Feb 7, 2024 @ 10:26:19.105","2024-02-07 09:26:19 INFO  Lag:82 - total lag 0",controllerandscaler
"Feb 7, 2024 @ 10:26:18.084","2024-02-07 09:26:18 INFO  Lag:82 - total lag 0",controllerandscaler
"Feb 7, 2024 @ 10:26:17.064","2024-02-07 09:26:17 INFO  Lag:82 - total lag 0",controllerandscaler
"Feb 7, 2024 @ 10:26:16.043","2024-02-07 09:26:16 INFO  Lag:82 - total lag 0",controllerandscaler
"Feb 7, 2024 @ 10:26:15.023","2024-02-07 09:26:15 INFO  Lag:82 - total lag 0",controllerandscaler
"Feb 7, 2024 @ 10:26:14.007","2024-02-07 09:26:14 INFO  Lag:82 - total lag 0",controllerandscaler
"Feb 7, 2024 @ 10:26:12.988","2024-02-07 09:26:12 INFO  Lag:82 - total lag 0",controllerandscaler
"Feb 7, 2024 @ 10:26:11.969","2024-02-07 09:26:11 INFO  Lag:82 - total lag 0",controllerandscaler
"Feb 7, 2024 @ 10:26:10.950","2024-02-07 09:26:10 INFO  Lag:82 - total lag 0",controllerandscaler
"Feb 7, 2024 @ 10:26:09.932","2024-02-07 09:26:09 INFO  Lag:82 - total lag 0",controllerandscaler
"Feb 7, 2024 @ 10:26:08.912","2024-02-07 09:26:08 INFO  Lag:82 - total lag 0",controllerandscaler
"Feb 7, 2024 @ 10:26:07.888","2024-02-07 09:26:07 INFO  Lag:82 - total lag 0",controllerandscaler
"Feb 7, 2024 @ 10:26:06.870","2024-02-07 09:26:06 INFO  Lag:82 - total lag 0",controllerandscaler
"Feb 7, 2024 @ 10:26:05.847","2024-02-07 09:26:05 INFO  Lag:82 - total lag 0",controllerandscaler
"Feb 7, 2024 @ 10:26:04.802","2024-02-07 09:26:04 INFO  Lag:82 - total lag 0",controllerandscaler
"Feb 7, 2024 @ 10:26:03.787","2024-02-07 09:26:03 INFO  Lag:82 - total lag 0",controllerandscaler
"Feb 7, 2024 @ 10:26:02.766","2024-02-07 09:26:02 INFO  Lag:82 - total lag 0",controllerandscaler
"Feb 7, 2024 @ 10:26:01.739","2024-02-07 09:26:01 INFO  Lag:82 - total lag 0",controllerandscaler
"Feb 7, 2024 @ 10:26:00.717","2024-02-07 09:26:00 INFO  Lag:82 - total lag 0",controllerandscaler
"Feb 7, 2024 @ 10:25:59.696","2024-02-07 09:25:59 INFO  Lag:82 - total lag 0",controllerandscaler
"Feb 7, 2024 @ 10:25:58.687","2024-02-07 09:25:58 INFO  Lag:82 - total lag 21",controllerandscaler
"Feb 7, 2024 @ 10:25:57.538","2024-02-07 09:25:57 INFO  Lag:82 - total lag 70",controllerandscaler
"Feb 7, 2024 @ 10:25:56.520","2024-02-07 09:25:56 INFO  Lag:82 - total lag 106",controllerandscaler
"Feb 7, 2024 @ 10:25:55.496","2024-02-07 09:25:55 INFO  Lag:82 - total lag 93",controllerandscaler
"Feb 7, 2024 @ 10:25:54.476","2024-02-07 09:25:54 INFO  Lag:82 - total lag 108",controllerandscaler
"Feb 7, 2024 @ 10:25:53.454","2024-02-07 09:25:53 INFO  Lag:82 - total lag 103",controllerandscaler
"Feb 7, 2024 @ 10:25:52.433","2024-02-07 09:25:52 INFO  Lag:82 - total lag 104",controllerandscaler
"Feb 7, 2024 @ 10:25:51.414","2024-02-07 09:25:51 INFO  Lag:82 - total lag 96",controllerandscaler
"Feb 7, 2024 @ 10:25:50.389","2024-02-07 09:25:50 INFO  Lag:82 - total lag 94",controllerandscaler
"Feb 7, 2024 @ 10:25:49.467","2024-02-07 09:25:49 INFO  Lag:82 - total lag 82",controllerandscaler
"Feb 7, 2024 @ 10:25:48.349","2024-02-07 09:25:48 INFO  Lag:82 - total lag 93",controllerandscaler
"Feb 7, 2024 @ 10:25:47.327","2024-02-07 09:25:47 INFO  Lag:82 - total lag 91",controllerandscaler
"Feb 7, 2024 @ 10:25:46.305","2024-02-07 09:25:46 INFO  Lag:82 - total lag 40",controllerandscaler
"Feb 7, 2024 @ 10:25:45.280","2024-02-07 09:25:45 INFO  Lag:82 - total lag 85",controllerandscaler
"Feb 7, 2024 @ 10:25:42.323","2024-02-07 09:25:42 INFO  Lag:82 - total lag 84",controllerandscaler
"Feb 7, 2024 @ 10:25:41.252","2024-02-07 09:25:41 INFO  Lag:82 - total lag 76",controllerandscaler
"Feb 7, 2024 @ 10:25:40.231","2024-02-07 09:25:40 INFO  Lag:82 - total lag 78",controllerandscaler
"Feb 7, 2024 @ 10:25:39.205","2024-02-07 09:25:39 INFO  Lag:82 - total lag 76",controllerandscaler
"Feb 7, 2024 @ 10:25:38.175","2024-02-07 09:25:38 INFO  Lag:82 - total lag 74",controllerandscaler
"Feb 7, 2024 @ 10:25:37.136","2024-02-07 09:25:37 INFO  Lag:82 - total lag 20",controllerandscaler
"Feb 7, 2024 @ 10:25:36.111","2024-02-07 09:25:36 INFO  Lag:82 - total lag 0",controllerandscaler
"Feb 7, 2024 @ 10:25:35.085","2024-02-07 09:25:35 INFO  Lag:82 - total lag 0",controllerandscaler
"Feb 7, 2024 @ 10:25:34.051","2024-02-07 09:25:34 INFO  Lag:82 - total lag 0",controllerandscaler
"Feb 7, 2024 @ 10:25:33.023","2024-02-07 09:25:33 INFO  Lag:82 - total lag 0",controllerandscaler
"Feb 7, 2024 @ 10:25:31.996","2024-02-07 09:25:31 INFO  Lag:82 - total lag 0",controllerandscaler
"Feb 7, 2024 @ 10:25:30.967","2024-02-07 09:25:30 INFO  Lag:82 - total lag 0",controllerandscaler
"Feb 7, 2024 @ 10:25:29.940","2024-02-07 09:25:29 INFO  Lag:82 - total lag 0",controllerandscaler
"Feb 7, 2024 @ 10:25:28.910","2024-02-07 09:25:28 INFO  Lag:82 - total lag 0",controllerandscaler
"Feb 7, 2024 @ 10:25:27.884","2024-02-07 09:25:27 INFO  Lag:82 - total lag 0",controllerandscaler
"Feb 7, 2024 @ 10:25:26.863","2024-02-07 09:25:26 INFO  Lag:82 - total lag 0",controllerandscaler
"Feb 7, 2024 @ 10:25:25.832","2024-02-07 09:25:25 INFO  Lag:82 - total lag 0",controllerandscaler
"Feb 7, 2024 @ 10:25:24.807","2024-02-07 09:25:24 INFO  Lag:82 - total lag 0",controllerandscaler
"Feb 7, 2024 @ 10:25:23.784","2024-02-07 09:25:23 INFO  Lag:82 - total lag 0",controllerandscaler
"Feb 7, 2024 @ 10:25:22.756","2024-02-07 09:25:22 INFO  Lag:82 - total lag 0",controllerandscaler
"Feb 7, 2024 @ 10:25:21.723","2024-02-07 09:25:21 INFO  Lag:82 - total lag 0",controllerandscaler
"Feb 7, 2024 @ 10:25:20.694","2024-02-07 09:25:20 INFO  Lag:82 - total lag 0",controllerandscaler
"Feb 7, 2024 @ 10:25:19.662","2024-02-07 09:25:19 INFO  Lag:82 - total lag 0",controllerandscaler
"Feb 7, 2024 @ 10:25:18.611","2024-02-07 09:25:18 INFO  Lag:82 - total lag 0",controllerandscaler
"Feb 7, 2024 @ 10:25:17.586","2024-02-07 09:25:17 INFO  Lag:82 - total lag 0",controllerandscaler
"Feb 7, 2024 @ 10:25:16.554","2024-02-07 09:25:16 INFO  Lag:82 - total lag 0",controllerandscaler
"Feb 7, 2024 @ 10:25:15.526","2024-02-07 09:25:15 INFO  Lag:82 - total lag 0",controllerandscaler
"Feb 7, 2024 @ 10:25:14.491","2024-02-07 09:25:14 INFO  Lag:82 - total lag 0",controllerandscaler
"Feb 7, 2024 @ 10:25:13.461","2024-02-07 09:25:13 INFO  Lag:82 - total lag 0",controllerandscaler
"Feb 7, 2024 @ 10:25:12.436","2024-02-07 09:25:12 INFO  Lag:82 - total lag 0",controllerandscaler
"Feb 7, 2024 @ 10:25:11.398","2024-02-07 09:25:11 INFO  Lag:82 - total lag 0",controllerandscaler
"Feb 7, 2024 @ 10:25:10.366","2024-02-07 09:25:10 INFO  Lag:82 - total lag 0",controllerandscaler
"Feb 7, 2024 @ 10:25:09.344","2024-02-07 09:25:09 INFO  Lag:82 - total lag 0",controllerandscaler
"Feb 7, 2024 @ 10:25:08.309","2024-02-07 09:25:08 INFO  Lag:82 - total lag 0",controllerandscaler
"Feb 7, 2024 @ 10:25:07.278","2024-02-07 09:25:07 INFO  Lag:82 - total lag 0",controllerandscaler
"Feb 7, 2024 @ 10:25:06.231","2024-02-07 09:25:06 INFO  Lag:82 - total lag 0",controllerandscaler
"Feb 7, 2024 @ 10:25:05.205","2024-02-07 09:25:05 INFO  Lag:82 - total lag 0",controllerandscaler
"Feb 7, 2024 @ 10:25:04.164","2024-02-07 09:25:04 INFO  Lag:82 - total lag 0",controllerandscaler
"Feb 7, 2024 @ 10:25:03.133","2024-02-07 09:25:03 INFO  Lag:82 - total lag 0",controllerandscaler
"Feb 7, 2024 @ 10:25:02.096","2024-02-07 09:25:02 INFO  Lag:82 - total lag 0",controllerandscaler
